﻿标题,能源形式,厂商指导价,上市时间,发动机,变速箱,油耗,车身形式
马自达 阿特兹 2021款 2.0L 蓝天豪华版,汽油,18.98,2021.03,2.0L 158马力 L4,6挡手自一体,6.4,4门5座三厢车
沃尔沃XC60 2017款 T5 AWD 智进版,汽油,39.89,2016.05,2.0T 245马力 L4,8挡手自一体,8.2,5门5座SUV
福特 福克斯 2020款 两厢 EcoBoost 180 自动ST Line,汽油,15.08,2019.07,1.5T 174马力 L3,8挡手自一体,5.7,5门5座两厢车
比亚迪 秦新能源 2015款 1.5T 双冠旗舰Plus版,插电式混合动力,21.98,2015.05,1.5T 154马力 L4,6挡双离合,1.6,4门5座三厢车
别克 英朗 2018款 15T 双离合精英型 国V,汽油,12.69,2017.10,1.0T 125马力 L3,6挡双离合,5.1,4门5座三厢车
奥迪A8 2017款 A8L 45 TFSI quattro卓越先锋典藏版(进口),汽油,92.78,2018.03,3.0T 290马力 V6,8挡手自一体,8.1,4门5座三厢车
东风风行 菱智 2018款 M3 1.5L 5座基本型,汽油,5.59,2017.10,1.5L 116马力 L4,5挡手动,7.5,4门5座MPV
小鹏汽车P5 2021款 600P,纯电动,24.29,2021.09,,电动车单速变速箱,600,4门5座三厢车
本田 思域 2021款 HATCHBACK 220TURBO CVT潮酷控,汽油,15.29,,1.5T 177马力 L4,CVT无级变速,5.9,5门5座两厢车
大众 高尔夫·嘉旅 2016款 230TSI 自动进取型,汽油,16.69,2016.05,1.4T 131马力 L4,7挡双离合,5.6,5门5座两厢车
大众POLO 2016款 1.6L 自动舒适型,汽油,10.39,2016.02,1.6L 110马力 L4,6挡自动,,5门5座两厢车
长安CS75 PLUS 2021款 1.5T 自动豪华型,汽油,12.49,2020.09,1.5T 178马力 L4,6挡手自一体,6.7,5门5座SUV
长安欧尚 欧尚X70A 2019款 1.5L 手动舒适型 国VI,汽油,6.19,2019.08,1.5L 107马力 L4,5挡手动,6.7,5门7座SUV
奥迪Q2L 2020款 35 TFSI 时尚动感型,汽油,23.84,2020.02,1.4T 150马力 L4,7挡双离合,6.1,5门5座SUV
宝马1系 2019款 118i M运动套装,汽油,22.38,2019.02,1.5T 136马力 L3,6挡手自一体,5.9,4门5座三厢车
众泰T600 Coupe 2017款 1.5T 自动豪华型,汽油,9.88,2017.06,1.5T 156马力 L4,6挡手自一体,8.4,5门5座SUV
思皓E10X 2022款 花仙子款 向日葵,纯电动,7.99,2021.11,,电动车单速变速箱,301,5门5座两厢车
大众POLO 2018款 1.5L 自动安驾型,汽油,8.99,2018.05,1.5L 110马力 L4,6挡自动,5.7,5门5座两厢车
宝马5系 2017款 525Li 豪华设计套装,汽油,49.96,2016.07,2.0T 218马力 L4,8挡手自一体,,4门5座三厢车
宝马X4 2014款 xDrive20i X设计套装(进口),汽油,48.98,2014.07,2.0T 184马力 L4,8挡手自一体,7.5,5门5座SUV
雪佛兰 探界者 2019款 535T 自动驭界版 国VI,汽油,19.99,2019.07,1.5T 169马力 L4,6挡手自一体,6.8,5门5座SUV
日产 轩逸 2021款 1.6L TOP CVT奢享版,汽油,14.3,2020.08,1.6L 135马力 L4,CVT无级变速,5.1,4门5座三厢车
奔驰GLA级 2020款 GLA 200,汽油,30.38,2020.07,1.3T 163马力 L4,7挡双离合,6.1,5门5座SUV
大众 高尔夫·嘉旅 2018款 230TSI 自动进取型,汽油,16.69,2018.03,1.4T 131马力 L4,7挡双离合,6,5门5座两厢车
别克 英朗 2016款 15N 自动精英型,汽油,12.69,2016.03,1.5L 114马力 L4,6挡手自一体,5.9,4门5座三厢车
本田 雅阁 2018款 260TURBO 精英版 国VI,汽油,18.98,2019.07,1.5T 194马力 L4,CVT无级变速,6,4门5座三厢车
大众 朗逸 2023款 280TSI DSG永逸版,汽油,15.09,2022.06,1.4T 150马力 L4,7挡干式双离合,,4门5座三厢车
大众POLO 2021款 Plus 1.5L 自动炫彩科技版,汽油,11.59,2021.03,1.5L 113马力 L4,6挡手自一体,5.5,5门5座两厢车
大众 速腾 2020款 280TSI DSG舒适型 国VI,汽油,16.19,2019.12,1.4T 150马力 L4,7挡双离合,5.7,4门5座三厢车
宝马3系 2013款 320i时尚型(进口),汽油,33.9,2012.07,2.0T 184马力 L4,8挡手自一体,6.5,4门5座三厢车
大众 帕萨特 2023款 330TSI 星空豪华版,汽油,22.49,2022.09,2.0T 186马力 L4,7挡湿式双离合,,4门5座三厢车
大众 帕萨特新能源 2022款 430PHEV 混动豪华版,插电式混合动力,24.215,2021.08,1.4T 150马力 L4,6挡湿式双离合,63,4门5座三厢车
大众 途观L 2021款 280TSI 自动两驱智享版,汽油,21.98,2020.1,1.4T 150马力 L4,7挡双离合,6.5,5门5座SUV
奔驰 威霆 2020款 2.0T 精英版 7座,汽油,28.98,2020.09,2.0T 211马力 L4,9挡手自一体,9,4门7座MPV
大众 ID.4 CROZZ 2021款 长续航PURE+两驱版,纯电动,21.99,2021.01,,电动车单速变速箱,550,5门5座SUV
斯柯达 明锐 2020款 1.5L 自动智行舒适版,汽油,11.69,2020.09,1.5L 113马力 L4,6挡手自一体,5.6,5门5座掀背车
奔驰B级 2019款 B 200 时尚型(进口),汽油,25.68,2018.09,1.6T 156马力 L4,7挡双离合,6.4,5门5座两厢车
现代 领动 2019款 1.4T 双离合炫动·活力型,汽油,12.48,2019.07,1.4T 130马力 L4,7挡双离合,5.4,4门5座三厢车
北京汽车 绅宝D70 2018款 性能版 1.8T 舒适版,汽油,15.98,2018.03,1.8T 177马力 L4,5挡手自一体,8.1,4门5座三厢车
欧拉好猫 2022款 400km标准续航 尊贵型 三元锂,纯电动,13.79,2022.03,,电动车单速变速箱,401,5门5座两厢车
雪铁龙 C4世嘉 2018款 1.6L 自动舒适型,汽油,11.08,2017.11,1.6L 117马力 L4,6挡手自一体,6.2,4门5座三厢车
沃尔沃XC90 2018款 T6 智逸版 7座(进口),汽油,69.88,2018.01,2.0T 320马力 L4,8挡手自一体,8.3,5门7座SUV
大众 帕萨特 2017款 330TSI DSG尊荣版,汽油,22.29,2017.02,1.8T 180马力 L4,7挡双离合,6.8,4门5座三厢车
哈弗M6 2021款 PLUS 1.5T DCT精英智联型,汽油,8.19,2021.01,1.5T 150马力 L4,7挡湿式双离合,6.9,5门5座SUV
奇瑞eQ1 2017款 智享版 2座,纯电动,16.19,2017.03,,电动车单速变速箱,151,3门2座两厢车
雪佛兰 2016款 赛欧3 1.3L 手动舒适天窗版,汽油,6.39,2016.06,1.3L 103马力 L4,5挡手动,5.3,4门5座三厢车
东风风光S560 2019款 1.8L CVT精英型 7座,汽油,7.49,2019.07,1.8L 139马力 L4,CVT无级变速,7.5,5门7座SUV
吉利汽车 博越 2016款 1.8TD 自动智尊型,汽油,14.88,2016.03,1.8T 184马力 L4,6挡手自一体,7.8,5门5座SUV
五菱汽车 五菱凯捷 2022款 280T 1.5T 自动旗舰型,汽油,12.58,2022.02,1.5T 177马力 L4,CVT无级变速(模拟8挡),,5门6座MPV
纳智捷 大7 MPV 2016款 2.0T 豪华型,汽油,17.98,2016.03,2.0T 188马力 L4,6挡手自一体,8.7,5门7座MPV
吉利汽车 远景X3 2019款 升级版 1.5L CVT精英型,汽油,6.49,2019.06,1.5L 109马力 L4,CVT无级变速,6.1,5门5座SUV
凯迪拉克XT5 2016款 25T 豪华型,汽油,38.99,2016.04,2.0T 250马力 L4,8挡手自一体,8.2,5门5座SUV
领克02 2020款 1.5T DCT两驱耀版,汽油,13.98,2020.04,1.5T 180马力 L3,7挡双离合,6.4,5门5座SUV
大众 迈腾新能源 2022款 GTE 豪华型,插电式混合动力,23.79,2021.12,1.4T 150马力 L4,6挡湿式双离合,63,4门5座三厢车
吉利汽车 缤瑞 2019款 200T DCT缤驰版,汽油,8.88,2019.04,1.0T 136马力 L3,6挡双离合,5.1,4门5座三厢车
哈弗H6 2017款 改款蓝标 运动版 1.5T 自动两驱豪华型,汽油,12.28,2017.07,1.5T 150马力 L4,6挡手自一体,7.6,5门5座SUV
哈弗H6 2019款 红标 2.0GDIT 自动豪华智联版,汽油,13.4,2018.11,2.0T 197马力 L4,7挡双离合,7.5,5门5座SUV
东风风行 菱智 2017款 M3L 2.0L 7座标准型,汽油,8.19,2016.10,2.0L 121马力 L4,5挡手动,9.1,4门7座MPV
奥迪A8 2016款 A8L 45 TFSI quattro舒适型(进口),汽油,92.68,2016.02,3.0T 290马力 V6,8挡手自一体,8.1,4门5座三厢车
大众 途观L 2017款 330TSI 自动两驱豪华版,汽油,25.98,2017.01,1.8T 180马力 L4,7挡双离合,7.2,5门5座SUV
吉利汽车 远景X3 2017款 1.5L 自动尊贵型,汽油,6.59,2017.08,1.5L 102马力 L4,4挡自动,6.5,5门5座SUV
奔驰C级 2013款 C 260 CGI 时尚型,汽油,38.8,2012.11,1.8T 204马力 L4,7挡手自一体,8.4,4门5座三厢车
荣威iMAX8 2022款 400TGI 尊荣版,汽油,22.68,2021.08,2.0T 234马力 L4,8挡手自一体,,5门7座MPV
奔驰CLA级 2018款 CLA 220 4MATIC(进口),汽油,30.68,2018.04,2.0T 184马力 L4,7挡双离合,7.1,4门5座三厢车
丰田 雷凌 2021款 185T CVT豪华版,汽油,12.98,2020.06,1.2T 116马力 L4,CVT无级变速(模拟10挡),5.6,4门5座三厢车
长安CS55 PLUS 2020款 1.5T 自动炫色型,汽油,10.49,2019.11,1.5T 156马力 L4,6挡手自一体,7.2,5门5座SUV
大众 速腾 2018款 180TSI DSG臻享版,汽油,15.08,2017.10,1.2T 110马力 L4,7挡双离合,5.5,4门5座三厢车
大众 帕萨特 2017款 330TSI DSG尊荣版,汽油,22.29,2017.02,1.8T 180马力 L4,7挡双离合,6.8,4门5座三厢车
比亚迪 秦Pro 2020款 超越版 1.5TI 自动旗舰型,汽油,9.98,2020.05,1.5T 160马力 L4,6挡双离合,6.5,4门5座三厢车
别克 君越 2014款 2.0T SIDI 智享旗舰型,汽油,28.99,2015.02,2.0T 254马力 L4,6挡手自一体,9.7,4门5座三厢车
本田 飞度 2016款 1.5L LXS CVT舒适天窗版,汽油,8.58,2016.08,1.5L 131马力 L4,CVT无级变速,5.3,5门5座两厢车
吉利汽车 吉利icon 2023款 1.5TD 巧克力醇臻版,汽油,12.99,2022.08,1.5T 181马力 L4,7挡湿式双离合,,5门5座SUV
雪佛兰 科鲁泽 2022款 320 自动悦享天窗版,汽油,11.49,2021.10,1.5L 113马力 L4,6挡手自一体,,4门5座三厢车
现代 名图 2016款 1.8L 自动尊贵型DLX,汽油,15.98,2016.01,1.8L 143马力 L4,6挡手自一体,7.1,4门5座三厢车
本田 雅阁 2018款 260TURBO 豪华版 国VI,汽油,19.98,2019.07,1.5T 194马力 L4,CVT无级变速,6,4门5座三厢车
Jeep 指南者 2017款 200T 自动家享版,汽油,17.98,2016.12,1.4T 165马力 L4,7挡双离合,7.3,5门5座SUV
日产 逍客 2017款 2.0L CVT豪华版 国V,汽油,16.88,2017.03,2.0L 150马力 L4,CVT无级变速(模拟7挡),6.9,5门5座SUV
宝马3系 2020款 325Li M运动曜夜版,汽油,36.39,2019.06,2.0T 184马力 L4,8挡手自一体,6,4门5座三厢车
三菱 欧蓝德 2018款 2.0L 两驱嘉乐版 7座,汽油,17.48,2017.08,2.0L 166马力 L4,CVT无级变速(模拟6挡),7.4,5门7座SUV
比亚迪 海豚 2021款 405km 时尚版,纯电动,11.78,2021.08,,电动车单速变速箱,405,5门5座两厢车
宝马3系 2017款 320Li 时尚型,汽油,32.59,2016.09,2.0T 184马力 L4,8挡手自一体,6.2,4门5座三厢车
荣威i5 2021款 1.5L CVT星耀版,汽油,8.99,,1.5L 120马力 L4,CVT无级变速(模拟8挡),5.5,4门5座三厢车
别克 威朗 2018款 三厢 20T 双离合豪华型,汽油,17.99,2017.10,1.5T 169马力 L4,7挡双离合,5.8,4门5座三厢车
宝马X5 2017款 xDrive28i(进口),汽油,75.8,2016.10,2.0T 245马力 L4,8挡手自一体,9,5门5座SUV
小鹏汽车P7 2020款 670N,纯电动,28.29,2020.04,,电动车单速变速箱,670,4门5座三厢车
东南DX3 2018款 1.5T CVT旗舰型,汽油,9.59,,1.5T 156马力 L4,CVT无级变速(模拟8挡),7.5,5门5座SUV
宝骏510 2017款 1.5L 手动豪华型,汽油,6.98,2017.02,1.5L 112马力 L4,6挡手动,6.3,5门5座SUV
Jeep 指南者 2019款 220T 自动悦享版,汽油,16.58,2019.04,1.3T 173马力 L4,7挡双离合,6.2,5门5座SUV
沃尔沃S90 2020款 T5 智逸豪华版,汽油,40.29,2019.05,2.0T 254马力 L4,8挡手自一体,7.1,4门5座三厢车
宝马X1 2018款 sDrive18Li 尊享型,汽油,30.38,2017.07,1.5T 136马力 L3,6挡手自一体,,5门5座SUV
宝马1系 2015款 120i 领先型(进口),汽油,29.2,2015.06,1.6T 177马力 L4,8挡手自一体,6.3,5门5座两厢车
雷克萨斯ES 2015款 200 舒适版,汽油,29.8,2015.08,2.0L 167马力 L4,6挡手自一体,6.9,4门5座三厢车
大众 帕萨特 2019款 280TSI 商务版 国VI,汽油,18.49,2018.10,1.4T 150马力 L4,7挡双离合,5.7,4门5座三厢车
东风风行 风行游艇 2022款 1.5T DCT逐浪版,汽油,14.19,2022.07,1.5T 197马力 L4,7挡湿式双离合,,5门7座MPV
名爵 MG5天蝎座 2022款 1.5T Trophy运动旗舰版,汽油,11.79,2022.04,1.5T 181马力 L4,7挡湿式双离合,,4门5座三厢车
荣威RX5 2020款 20T 自动4G互联超越旗舰版,汽油,12.88,2019.06,1.5T 169马力 L4,7挡双离合,6.5,5门5座SUV
别克 昂科拉 2018款 18T 自动两驱都市领先型,汽油,14.99,2017.11,1.4T 143马力 L4,6挡手自一体,6.9,5门5座SUV
奥迪A6L 2018款 30周年年型 35 TFSI 运动型,汽油,44.5,2017.08,2.0T 224马力 L4,7挡双离合,6.6,4门5座三厢车
比亚迪 宋PLUS新能源 2021款 DM-i 51KM 尊荣型,插电式混合动力,16.28,2021.03,1.5L 110马力 L4,E-CVT无级变速,1.5,5门5座SUV
长安欧尚X7 2020款 1.5T 自动尊贵型,汽油,10.77,2019.11,1.5T 178马力 L4,7挡双离合,7.4,5门5座SUV
MINI 2016款 1.5T COOPER 五门版,汽油,24.38,2016.04,1.5T 136马力 L3,6挡手自一体,5.7,5门5座两厢车
比亚迪 宋PLUS新能源 2021款 DM-i 110KM 旗舰型,插电式混合动力,16.58,2021.03,1.5L 110马力 L4,E-CVT无级变速,0.9,5门5座SUV
大众 帕萨特 2019款 330TSI 精英版 国VI,汽油,21.79,2018.10,2.0T 186马力 L4,7挡双离合,6.3,4门5座三厢车
斯柯达 柯迪亚克 2017款 TSI380 7座四驱旗舰版,汽油,26.98,2016.10,2.0T 220马力 L4,7挡双离合,8.3,5门7座SUV
奇瑞 小蚂蚁 2021款 20万蚁粉款 才气版 三元锂 301km,纯电动,6.49,2021.06,,电动车单速变速箱,301,3门4座两厢车
日产 劲客 2017款 1.5L CVT酷享版,汽油,12.28,2017.07,1.5L 124马力 L4,CVT无级变速(模拟6挡),5.6,5门5座SUV
比亚迪 秦PLUS 2021款 DM-i 120KM 尊贵型,插电式混合动力,13.58,2021.03,1.5L 110马力 L4,E-CVT无级变速,120,4门5座三厢车
本田 思域 2019款 220TURBO CVT燃动版 国VI,汽油,14.59,2019.05,1.5T 177马力 L4,CVT无级变速,5.4,4门5座三厢车
现代 全新胜达 2019款 380 TGDi DLX 自动两驱智尊版 国V,汽油,24.28,2019.04,2.0T 240马力 L4,8挡手自一体,8.2,5门6座SUV
大众 宝来 2018款 1.5L 自动时尚型,汽油,11.98,2017.10,1.5L 110马力 L4,6挡手自一体,5.9,4门5座三厢车
MINI 2016款 1.5T COOPER,汽油,23.38,2016.04,1.5T 136马力 L3,6挡手自一体,5.4,3门4座两厢车
丰田 RAV4 2016款 2.0L CVT两驱风尚版 国V,汽油,19.68,2016.07,2.0L 151马力 L4,CVT无级变速(模拟8挡),6.4,5门5座SUV
奔驰A级 2021款 A 200 L 运动轿车时尚型,汽油,26.48,2021.01,1.3T 163马力 L4,7挡双离合,5.4,4门5座三厢车
荣威RX5 MAX 2022款 1.5T 自动有为尊贵版,汽油,13.88,,1.5T 181马力 L4,6挡自动,,5门5座SUV
大众 ID.4 CROZZ 2022款 长续航Lite PRO版,纯电动,24.88,2022.04,,电动车单速变速箱,600,5门5座SUV
吉利汽车 博越 2020款 1.8TD DCT智慧PRO,汽油,12.68,2019.09,1.8T 184马力 L4,7挡双离合,7.5,5门5座SUV
宝马X1 2018款 xDrive20Li 尊享型,汽油,34.68,2017.07,2.0T 192马力 L4,8挡手自一体,,5门5座SUV
MINI 2019款 1.5T COOPER 艺术家,汽油,24.58,2019.07,1.5T 136马力 L3,7挡双离合,5.6,3门4座两厢车
英菲尼迪QX50 2018款 2.0T 四驱菁英版,汽油,37.18,2018.06,2.0T 272马力 L4,CVT无级变速(模拟8挡),7.5,5门5座SUV
长安CS75 PLUS 2022款 第二代 2.0T 自动旗舰型,汽油,15.49,,2.0T 233马力 L4,8挡手自一体,,5门5座SUV
长安CS75 PLUS 2022款 第二代 2.0T 自动旗舰型,汽油,15.49,,2.0T 233马力 L4,8挡手自一体,,5门5座SUV
别克 君越 2021款 652T 尊贵型,汽油,26.98,2020.07,2.0T 237马力 L4,9挡手自一体,6.9,4门5座三厢车
英菲尼迪QX50 2018款 2.0T 四驱菁英版,汽油,37.18,2018.06,2.0T 272马力 L4,CVT无级变速(模拟8挡),7.5,5门5座SUV
福特 翼虎 2018款 EcoBoost 180 两驱豪翼型,汽油,19.28,2017.10,1.5T 181马力 L4,6挡手自一体,7.2,5门5座SUV
大众 捷达 2017款 1.5L 自动时尚型,汽油,9.56,2016.12,1.5L 110马力 L4,6挡自动,5.7,4门5座三厢车
宝马X3 2021款 xDrive30i 领先型 M运动套装,汽油,47.98,2020.09,2.0T 252马力 L4,8挡手自一体,8,5门5座SUV
